-- Trooth seed data — generated from src/data.js. Run AFTER schema.sql.
begin;

-- categories
insert into categories (name,color,tint) values ('Financial','#1F6F5C','#E3EFEA') on conflict (name) do nothing;
insert into categories (name,color,tint) values ('Sports','#B4571F','#F6E9DE') on conflict (name) do nothing;
insert into categories (name,color,tint) values ('Weather','#2E6BA6','#E1EBF4') on conflict (name) do nothing;
insert into categories (name,color,tint) values ('Politics','#9A3B5A','#F4E4EA') on conflict (name) do nothing;

-- forecasters
insert into forecasters (id,name,handle,org,category,accuracy,resolved,pending,avg_confidence,verified,avatar,initials,bio,spark) values ('f1','Marcus Feld','@feldmacro','Halcyon Capital','Financial',84,142,6,72,true,'#1F6F5C','MF','Macro strategist. Rates, equities, and the occasional commodity call.','{79,80,78,82,83,82,84,85}');
insert into forecasters (id,name,handle,org,category,accuracy,resolved,pending,avg_confidence,verified,avatar,initials,bio,spark) values ('f2','Dana Reyes','@dxweather','Coastal Weather Group','Weather',91,210,4,78,true,'#2E6BA6','DR','Operational meteorologist focused on tropical systems and heat events.','{88,90,89,91,92,90,91,92}');
insert into forecasters (id,name,handle,org,category,accuracy,resolved,pending,avg_confidence,verified,avatar,initials,bio,spark) values ('f3','GridIron Model','@gridiron_model','GridIron Analytics','Sports',88,388,11,70,true,'#B4571F','GI','Automated game model. Spreads, totals, and moneyline across the NFL and NCAA.','{85,86,88,87,89,88,88,90}');
insert into forecasters (id,name,handle,org,category,accuracy,resolved,pending,avg_confidence,verified,avatar,initials,bio,spark) values ('f4','Priya Anand','@priyapolls','Meridian Polling','Politics',79,96,5,62,true,'#9A3B5A','PA','Pollster and elections analyst. Senate, House, and turnout modeling.','{76,78,80,79,81,78,80,79}');
insert into forecasters (id,name,handle,org,category,accuracy,resolved,pending,avg_confidence,verified,avatar,initials,bio,spark) values ('f5','Chip Delgado','@chipcalls','Business-channel contributor','Financial',61,74,8,70,false,'#3C6E4F','CD','On-air stock picker with a taste for bold single-name targets.','{66,63,60,64,59,62,60,61}');
insert into forecasters (id,name,handle,org,category,accuracy,resolved,pending,avg_confidence,verified,avatar,initials,bio,spark) values ('f6','Bea Okafor','@beahoops','The Courtline','Sports',82,168,7,60,true,'#C2703A','BO','NBA writer. Playoff brackets, award races, and player props.','{80,82,81,83,82,84,82,83}');
insert into forecasters (id,name,handle,org,category,accuracy,resolved,pending,avg_confidence,verified,avatar,initials,bio,spark) values ('f7','Ellis Tran','@transtorms','StormPath','Weather',86,233,5,70,true,'#35618C','ET','Seasonal and severe-weather forecaster covering the continental US.','{84,85,86,85,87,86,87,86}');
insert into forecasters (id,name,handle,org,category,accuracy,resolved,pending,avg_confidence,verified,avatar,initials,bio,spark) values ('f8','Ron Vance','@vancetake','independent pundit','Politics',54,61,9,63,false,'#8A4A6B','RV','Cable-news regular known for confident, contrarian predictions.','{58,55,53,56,52,54,55,54}');
insert into forecasters (id,name,handle,org,category,accuracy,resolved,pending,avg_confidence,verified,avatar,initials,bio,spark) values ('f9','Aisha Kamara','@aishafx','independent FX trader','Financial',73,119,6,60,false,'#237A6B','AK','Currency trader. Major pairs, emerging-market FX, and intervention calls.','{70,72,71,74,73,72,74,73}');
insert into forecasters (id,name,handle,org,category,accuracy,resolved,pending,avg_confidence,verified,avatar,initials,bio,spark) values ('f10','Ray Dellinger','@coachdell','former coach, analyst','Sports',67,88,4,58,false,'#A85A2E','RD','Retired coach turned broadcaster with strong takes on team results.','{64,66,68,65,69,66,67,68}');
insert into forecasters (id,name,handle,org,category,accuracy,resolved,pending,avg_confidence,verified,avatar,initials,bio,spark) values ('f11','Nate Brioux','@briouxmodel','Brioux Electoral Model','Politics',90,174,3,82,true,'#6B4E9E','NB','Aggregation-based election model with a long calibrated track record.','{88,90,89,91,92,91,90,91}');

-- forecaster focus breakdown
insert into forecaster_focus (forecaster_id,label,pct,sort_order) values ('f1','Rates',88,0);
insert into forecaster_focus (forecaster_id,label,pct,sort_order) values ('f1','Equities',84,1);
insert into forecaster_focus (forecaster_id,label,pct,sort_order) values ('f1','Commodities',70,2);
insert into forecaster_focus (forecaster_id,label,pct,sort_order) values ('f2','Hurricanes',93,0);
insert into forecaster_focus (forecaster_id,label,pct,sort_order) values ('f2','Heat',90,1);
insert into forecaster_focus (forecaster_id,label,pct,sort_order) values ('f2','Precipitation',88,2);
insert into forecaster_focus (forecaster_id,label,pct,sort_order) values ('f3','Spreads',89,0);
insert into forecaster_focus (forecaster_id,label,pct,sort_order) values ('f3','Totals',86,1);
insert into forecaster_focus (forecaster_id,label,pct,sort_order) values ('f3','Moneyline',90,2);
insert into forecaster_focus (forecaster_id,label,pct,sort_order) values ('f4','Senate',82,0);
insert into forecaster_focus (forecaster_id,label,pct,sort_order) values ('f4','House',77,1);
insert into forecaster_focus (forecaster_id,label,pct,sort_order) values ('f4','Turnout',70,2);
insert into forecaster_focus (forecaster_id,label,pct,sort_order) values ('f5','Single stocks',58,0);
insert into forecaster_focus (forecaster_id,label,pct,sort_order) values ('f5','Crypto',55,1);
insert into forecaster_focus (forecaster_id,label,pct,sort_order) values ('f5','Macro',68,2);
insert into forecaster_focus (forecaster_id,label,pct,sort_order) values ('f6','Playoffs',85,0);
insert into forecaster_focus (forecaster_id,label,pct,sort_order) values ('f6','Awards',74,1);
insert into forecaster_focus (forecaster_id,label,pct,sort_order) values ('f6','Player props',82,2);
insert into forecaster_focus (forecaster_id,label,pct,sort_order) values ('f7','Winter',88,0);
insert into forecaster_focus (forecaster_id,label,pct,sort_order) values ('f7','Seasonal',85,1);
insert into forecaster_focus (forecaster_id,label,pct,sort_order) values ('f7','Severe',84,2);
insert into forecaster_focus (forecaster_id,label,pct,sort_order) values ('f8','Elections',52,0);
insert into forecaster_focus (forecaster_id,label,pct,sort_order) values ('f8','Scandals',58,1);
insert into forecaster_focus (forecaster_id,label,pct,sort_order) values ('f9','Majors',76,0);
insert into forecaster_focus (forecaster_id,label,pct,sort_order) values ('f9','EM FX',68,1);
insert into forecaster_focus (forecaster_id,label,pct,sort_order) values ('f9','Intervention',72,2);
insert into forecaster_focus (forecaster_id,label,pct,sort_order) values ('f10','Team results',64,0);
insert into forecaster_focus (forecaster_id,label,pct,sort_order) values ('f10','Player props',71,1);
insert into forecaster_focus (forecaster_id,label,pct,sort_order) values ('f11','General',92,0);
insert into forecaster_focus (forecaster_id,label,pct,sort_order) values ('f11','Primaries',87,1);
insert into forecaster_focus (forecaster_id,label,pct,sort_order) values ('f11','Senate',90,2);

-- predictions
insert into predictions (id,forecaster_id,claim,confidence,status,predicted_on,resolved_on,method,outcome,source,agree_votes,dispute_votes,impact) values ('p1','f1','The Fed cuts rates by 50bps at the September 2025 meeting.',70,'incorrect','Aug 4, 2025','Sep 17, 2025','auto','The FOMC cut by 25bps, half the size of the predicted move. A larger cut was never seriously on the table in the minutes.','FOMC statement, Sep 2025',412,18,-1.1);
insert into predictions (id,forecaster_id,claim,confidence,status,predicted_on,resolved_on,method,outcome,source,agree_votes,dispute_votes,impact) values ('p2','f1','The S&P 500 closes above 6,000 before year-end 2025.',65,'correct','Jun 12, 2025','Nov 6, 2025','auto','The index first closed above 6,000 in early November, comfortably ahead of the deadline.','Market close data',388,9,0.5);
insert into predictions (id,forecaster_id,claim,confidence,status,predicted_on,resolved_on,method,outcome,source,agree_votes,dispute_votes,impact) values ('p3','f1','Nvidia beats consensus on Q2 FY26 earnings.',80,'correct','Jul 30, 2025','Aug 27, 2025','auto','Reported EPS and revenue both came in above the Street consensus at the print.','Company earnings release',501,12,0.4);
insert into predictions (id,forecaster_id,claim,confidence,status,predicted_on,resolved_on,method,outcome,source,agree_votes,dispute_votes,impact) values ('p4','f1','Brent crude falls below $65/bbl during Q1 2026.',55,'pending','Dec 2, 2025',null,'auto',null,null,0,0,0);
insert into predictions (id,forecaster_id,claim,confidence,status,predicted_on,resolved_on,method,outcome,source,agree_votes,dispute_votes,impact) values ('p5','f2','Hurricane Elena makes landfall as a Category 3 on the Gulf coast.',75,'correct','Sep 1, 2025','Sep 9, 2025','editorial','Elena came ashore near the Florida panhandle as a strong Category 3, matching the forecast intensity and region.','NHC post-storm report',640,22,0.3);
insert into predictions (id,forecaster_id,claim,confidence,status,predicted_on,resolved_on,method,outcome,source,agree_votes,dispute_votes,impact) values ('p6','f2','The 2025 Atlantic season produces 18 or more named storms.',80,'correct','May 20, 2025','Nov 30, 2025','auto','The season closed with 19 named storms, exceeding the threshold.','NOAA season summary',410,7,0.3);
insert into predictions (id,forecaster_id,claim,confidence,status,predicted_on,resolved_on,method,outcome,source,agree_votes,dispute_votes,impact) values ('p7','f2','A July heat dome pushes Phoenix past 115°F on three consecutive days.',85,'correct','Jul 2, 2025','Jul 21, 2025','auto','Phoenix recorded four straight days at or above 115°F during the mid-July ridge.','NWS Phoenix records',355,5,0.3);
insert into predictions (id,forecaster_id,claim,confidence,status,predicted_on,resolved_on,method,outcome,source,agree_votes,dispute_votes,impact) values ('p8','f3','The Chiefs win the AFC West.',82,'correct','Sep 3, 2025','Jan 5, 2026','auto','Kansas City clinched the division in Week 17.','League standings',290,14,0.2);
insert into predictions (id,forecaster_id,claim,confidence,status,predicted_on,resolved_on,method,outcome,source,agree_votes,dispute_votes,impact) values ('p9','f3','The underdog covers the spread in the Rose Bowl.',60,'incorrect','Dec 20, 2025','Jan 1, 2026','auto','The favorite won by more than the number, so the underdog did not cover.','Final score + closing line',180,31,-0.6);
insert into predictions (id,forecaster_id,claim,confidence,status,predicted_on,resolved_on,method,outcome,source,agree_votes,dispute_votes,impact) values ('p10','f3','Over 47.5 total points in Week 3 Monday Night Football.',58,'correct','Sep 19, 2025','Sep 22, 2025','auto','The teams combined for 51 points, clearing the total.','Final box score',210,8,0.3);
insert into predictions (id,forecaster_id,claim,confidence,status,predicted_on,resolved_on,method,outcome,source,agree_votes,dispute_votes,impact) values ('p11','f4','The incumbent wins the Ohio Senate race by 3–6 points.',68,'correct','Oct 1, 2025','Nov 4, 2025','editorial','Final certified margin was 4.2 points, inside the predicted band.','State certified results',260,41,0.3);
insert into predictions (id,forecaster_id,claim,confidence,status,predicted_on,resolved_on,method,outcome,source,agree_votes,dispute_votes,impact) values ('p12','f4','Turnout exceeds 62% in the special election.',55,'incorrect','Sep 10, 2025','Oct 14, 2025','auto','Turnout came in at 58%, short of the threshold.','Secretary of State report',145,22,-0.5);
insert into predictions (id,forecaster_id,claim,confidence,status,predicted_on,resolved_on,method,outcome,source,agree_votes,dispute_votes,impact) values ('p13','f5','Tesla reaches $400 by the end of Q4 2025.',75,'incorrect','Aug 15, 2025','Dec 31, 2025','auto','The stock peaked in the mid-$300s and never touched $400 in the window.','Market close data',198,36,-1.3);
insert into predictions (id,forecaster_id,claim,confidence,status,predicted_on,resolved_on,method,outcome,source,agree_votes,dispute_votes,impact) values ('p14','f5','Regional banks rally 20% within a month of the first rate cut.',60,'partial','Aug 20, 2025','Oct 20, 2025','editorial','The sector index rose about 12% — a clear rally, but well short of the 20% called.','Sector ETF performance',120,58,-0.4);
insert into predictions (id,forecaster_id,claim,confidence,status,predicted_on,resolved_on,method,outcome,source,agree_votes,dispute_votes,impact) values ('p15','f5','Bitcoin breaks $100k before June 2026.',70,'pending','Jan 8, 2026',null,'auto',null,null,0,0,0);
insert into predictions (id,forecaster_id,claim,confidence,status,predicted_on,resolved_on,method,outcome,source,agree_votes,dispute_votes,impact) values ('p16','f6','The Celtics reach the Eastern Conference Finals.',70,'correct','Apr 12, 2026','May 28, 2026','auto','Boston advanced past the second round to the conference finals.','Playoff results',220,12,0.3);
insert into predictions (id,forecaster_id,claim,confidence,status,predicted_on,resolved_on,method,outcome,source,agree_votes,dispute_votes,impact) values ('p17','f6','MVP goes to the reigning scoring leader.',55,'incorrect','Jan 5, 2026','Jun 24, 2026','community','The award went to a different player; the scoring leader finished third in voting.','Official award ballot',98,44,-0.5);
insert into predictions (id,forecaster_id,claim,confidence,status,predicted_on,resolved_on,method,outcome,source,agree_votes,dispute_votes,impact) values ('p18','f7','First hard frost in the upper Midwest by October 10.',72,'correct','Sep 15, 2025','Oct 6, 2025','auto','Widespread frost was observed across the region on October 5–6.','NWS observations',180,6,0.3);
insert into predictions (id,forecaster_id,claim,confidence,status,predicted_on,resolved_on,method,outcome,source,agree_votes,dispute_votes,impact) values ('p19','f7','Sierra snowpack ends the season above 110% of normal.',65,'correct','Dec 1, 2025','Apr 1, 2026','auto','April 1 measurements came in at 118% of the seasonal average.','State snow survey',150,9,0.3);
insert into predictions (id,forecaster_id,claim,confidence,status,predicted_on,resolved_on,method,outcome,source,agree_votes,dispute_votes,impact) values ('p20','f8','The governor resigns before the primary.',65,'incorrect','Feb 2, 2026','May 1, 2026','editorial','The governor did not resign and appeared on the primary ballot.','Official candidate filing',60,88,-1.4);
insert into predictions (id,forecaster_id,claim,confidence,status,predicted_on,resolved_on,method,outcome,source,agree_votes,dispute_votes,impact) values ('p21','f8','A third-party candidate takes more than 10% nationally.',60,'incorrect','Mar 10, 2026','Jun 5, 2026','auto','Third-party support polled and finished in the low single digits.','Aggregated results',45,71,-0.9);
insert into predictions (id,forecaster_id,claim,confidence,status,predicted_on,resolved_on,method,outcome,source,agree_votes,dispute_votes,impact) values ('p22','f9','EUR/USD tests 1.15 by Q4 2025.',62,'correct','Jul 1, 2025','Nov 14, 2025','auto','The pair traded up to 1.152 in mid-November.','FX tick data',130,11,0.3);
insert into predictions (id,forecaster_id,claim,confidence,status,predicted_on,resolved_on,method,outcome,source,agree_votes,dispute_votes,impact) values ('p23','f9','Authorities intervene to defend the yen below 160.',58,'partial','Aug 5, 2025','Oct 2, 2025','editorial','Verbal intervention occurred but no confirmed direct market operation below 160.','Central bank communications',88,39,-0.3);
insert into predictions (id,forecaster_id,claim,confidence,status,predicted_on,resolved_on,method,outcome,source,agree_votes,dispute_votes,impact) values ('p24','f10','The Cowboys make the playoffs.',60,'incorrect','Sep 2, 2025','Jan 5, 2026','auto','Dallas finished 8-9 and missed the postseason.','League standings',140,26,-0.7);
insert into predictions (id,forecaster_id,claim,confidence,status,predicted_on,resolved_on,method,outcome,source,agree_votes,dispute_votes,impact) values ('p25','f10','A rookie quarterback throws for 4,000 yards.',55,'correct','Sep 2, 2025','Jan 5, 2026','auto','A rookie passer finished the regular season with 4,180 yards.','League passing stats',110,14,0.3);
insert into predictions (id,forecaster_id,claim,confidence,status,predicted_on,resolved_on,method,outcome,source,agree_votes,dispute_votes,impact) values ('p26','f11','The model calls 48 of 50 states correctly in the general election.',88,'correct','Sep 1, 2025','Nov 4, 2025','editorial','The final map missed only two close states, matching the stated benchmark.','Certified state results',520,24,0.2);
insert into predictions (id,forecaster_id,claim,confidence,status,predicted_on,resolved_on,method,outcome,source,agree_votes,dispute_votes,impact) values ('p27','f11','Senate control is decided by a single seat.',70,'correct','Sep 1, 2025','Nov 12, 2025','auto','The chamber flipped on the final called race, a one-seat majority.','Certified results',340,19,0.3);

commit;
